ci,log_lum
1.021,1.1287999999999998
0.614,0.2791999999999999
1.112,1.4672
0.909,1.0468
0.58,-3.6920000000000472
1.684,1.8155999999999999
0.98,1.2364
0.511,0.5079999999999999
0.97,1.8372000000000002
0.07,-3.4955999999999583
1.2,1.3432
0.524,0.5551999999999998
0.972,1.5708
1.5,1.7431999999999999
0.56,-3.890800000000135
0.327,1.5508
0.3,-3.5679999999999747
0.643,-0.056400000000000027
0.623,0.38239999999999974
1.412,3.0711999999999997
0.12,-3.1976000000000098
0.19,-3.3775999999999624
0.64,0.6703999999999999
-0.067,-0.13880000000000017
1.772,2.2363999999999997
0.948,2.3212
0.025,-2.5956000000000112
0.6,-3.894399999999908
0.24,-3.358399999999993
1.423,1.4291999999999998
1.252,2.842
0.332,1.1543999999999999
1.058,1.7291999999999998
0.993,1.7128
1.6,2.0416
0.397,1.1236
0.451,0.8247999999999998
0.529,0.2820000000000001
0.548,0.6088
0.851,1.3648
0.86,0.7232
1.064,2.0524
0.36,-3.629199999999978
1.284,2.8312
1.238,1.4223999999999999
0.41,0.7959999999999999
0.374,1.2236
0.531,1.0907999999999998
-0.137,2.3476
1.379,1.8767999999999998
0.986,1.4024
0.73,0.029999999999999638
0.367,1.0976
0.88,-3.963199999999838
0.24,1.0912
0.994,2.1256
0.96,1.8944
1.172,0.7959999999999999
-0.073,2.238
0.618,0.4819999999999999
1.008,1.7648000000000001
0.463,0.5419999999999998
1.047,1.6076000000000001
-0.09,-2.982800000000022
0.14,-2.7128000000000125
-0.05,2.1804
0.17,-2.7420000000000004
0.44,-3.407200000000013
0.409,0.8976
0.05,-3.087999999999996
1.274,-1.0988000000000002
1.537,2.2744
0.44,0.4755999999999998
0.32,-3.806400000000104
0.995,1.3876
0.739,1.0503999999999998
0.684,0.6379999999999999
0.035,1.6395999999999997
1.144,0.37959999999999994
0.99,1.4611999999999998
1.139,0.4627999999999999
1.518,1.7756
0.463,0.5595999999999998
0.51,1.3316
0.834,0.7624
1.644,2.9312
0.613,2.972
0.74,-3.7772000000000108
1.466,2.21
0.378,0.986
-0.152,2.3336
0.58,-3.8315999999999084
0.952,1.7828
0.835,0.6723999999999999
0.711,0.5287999999999998
0.026,2.0787999999999998
1.247,0.6015999999999999
0.611,0.9116
1.321,1.9116
1.25,1.3803999999999998
0.244,1.4407999999999999
0.153,1.3416
0.493,0.5763999999999999
0.35,-3.017200000000014
1.364,2.0316
0.903,1.1964
1.24,1.3323999999999998
0.22,-3.4515999999999964
1.227,1.442
0.612,0.39559999999999995
0.16,-3.511599999999945
0.418,0.6492
0.478,0.8963999999999999
1.175,1.7468000000000001
1.061,2.2616
1.059,2.0587999999999997
0.561,0.10879999999999976
0.503,0.36199999999999993
1.5,1.8116
0.33,-3.4483999999999537
0.733,0.06920000000000005
0.165,1.296
1.114,1.7764
0.319,1.3472
1.522,2.256
0.484,0.4775999999999998
1.579,1.662
0.114,0.9787999999999999
0.505,0.7415999999999999
0.48,0.6396
0.986,2.344
0.441,0.8579999999999999
-0.011,-2.304400000000008
0.96,-4.146399999999795
0.52,-3.9840000000000053
0.05,-2.6260000000000105
-0.013,2.1203999999999996
0.465,0.8835999999999999
0.573,1.202
1.091,1.6651999999999998
1.507,1.854
0.0,1.6787999999999998
0.663,0.010799999999999707
0.073,2.41
0.95,-4.094000000000036
0.377,1.0424
0.92,1.4148
0.259,2.6812
1.057,2.1595999999999997
1.587,2.2848
0.52,0.27
0.101,1.45
0.508,1.0216
0.099,1.0412
1.022,2.1184
-0.024,2.0596
0.003,1.5284
1.163,1.6820000000000002
0.935,1.8195999999999999
0.118,1.4855999999999998
1.01,1.5088
0.188,1.5792
0.107,1.3823999999999999
1.091,2.3711999999999995
0.55,-3.910400000000059
0.4,-3.5047999999999977
0.827,2.1884
1.541,1.7855999999999999
1.604,2.4352
0.9,1.214
0.33,1.5188
-0.047,1.7436
0.456,1.1703999999999999
0.613,0.06839999999999978
1.545,1.6816
0.396,1.0652
0.72,-3.9064000000000787
0.685,0.1707999999999998
1.071,1.2428
0.601,0.3104
0.979,1.7047999999999999
0.936,0.7444
1.3,-4.387599999999661
0.355,1.2215999999999998
0.13,-2.7024000000000092
-0.07,-2.3508000000000004
0.287,1.2715999999999998
0.4,-4.143199999999704
2.08,0.8296
0.4,-3.4860000000000477
1.04,1.0319999999999998
0.47,0.8059999999999999
0.409,0.4616
0.588,0.4139999999999999
0.95,-3.6899999999999
-0.027,2.1464
0.907,-0.36080000000000007
1.633,2.1536
0.589,0.7475999999999999
0.42,-3.7191999999998875
1.071,1.1508
0.381,0.6848
1.198,1.0624
0.38,0.7483999999999998
0.502,0.2495999999999999
0.621,0.0051999999999999685
1.296,1.0872
1.104,1.5983999999999998
1.392,1.5648
0.3,-3.6620000000000315
0.206,1.2912
1.405,2.3516
1.263,1.7575999999999998
1.243,1.0727999999999998
1.314,1.4311999999999998
1.034,1.2496
0.445,0.5571999999999999
0.593,0.2515999999999998
0.013,1.3532
1.205,2.1515999999999997
0.25,-2.9508000000000343
1.154,-0.8380000000000003
-0.072,-2.6584000000000176
-0.15,2.2996
0.21,-3.2623999999999778
0.027,1.4596
0.518,1.0412
0.05,-2.894800000000004
0.69,-3.9152000000001355
0.23,-2.9588000000000196
1.402,1.8168
1.1,-4.1707999999998435
1.109,1.4284
0.524,1.242
1.216,0.8939999999999997
-0.122,2.4232
0.49,-3.9148000000000467
0.982,-0.6304000000000004
-0.112,-2.342000000000008
0.569,0.05120000000000011
0.393,0.7419999999999999
1.32,1.8792
-0.006,1.5492
0.558,0.31399999999999967
0.49,-3.737600000000098
1.298,0.9679999999999999
0.534,0.18679999999999986
0.833,0.003200000000000018
0.99,1.3259999999999998
1.157,1.4931999999999999
-0.067,1.3024
0.18,-3.2059999999999715
1.728,3.2812
-0.199,-2.378400000000008
1.085,1.4535999999999998
0.598,0.3851999999999999
0.408,1.6668
0.481,0.8247999999999998
1.097,1.304
1.04,2.092
0.563,0.9556
0.18,1.4896
-0.026,1.7752
1.285,1.6552
0.963,1.7072
0.354,1.1012
0.448,0.33919999999999995
0.397,0.754
1.079,1.3508
0.429,0.8832
0.637,0.17399999999999982
0.637,0.14199999999999985
0.491,0.6275999999999998
0.803,1.8256000000000001
1.136,2.2479999999999998
0.16,-2.9028000000000227
0.581,0.4515999999999998
1.07,1.5884
1.614,2.5272
0.46,-3.652399999999982
0.934,-0.5640000000000001
1.55,2.0924
0.961,1.7532
0.31,-3.5531999999999457
0.463,0.6647999999999998
0.8,-4.092799999999987
0.883,0.7203999999999999
-0.056,-2.3244000000000047
1.164,1.3912
1.673,2.718
1.116,1.3479999999999999
1.576,1.6875999999999998
0.35,-3.357600000000017
1.05,-4.219599999999868
1.139,2.5608
1.24,1.8663999999999998
0.23,-3.5215999999999603
0.91,-4.092799999999987
0.591,0.2023999999999997
0.751,0.48239999999999983
-0.201,-1.0988000000000002
0.816,0.9576
0.079,1.6496
0.371,1.152
0.964,1.5668
1.454,1.9928
1.715,2.6444
0.44,-3.6375999999999125
-0.028,1.8232
1.413,-1.458000000000001
1.109,1.4084
1.616,2.6392
1.183,1.9512
0.64,-3.9867999999998425
0.97,-4.105199999999851
0.66,-4.012799999999921
0.033,1.5515999999999999
1.492,2.1431999999999998
0.02,-2.556800000000002
0.31,-3.6372000000000537
0.417,0.9119999999999999
0.99,1.2332
0.492,0.6215999999999999
0.46,-3.7423999999999498
0.515,1.0919999999999999
1.327,2.4328000000000003
0.617,0.19079999999999975
1.325,2.1512000000000002
0.554,-3.7487999999999797
0.37,-3.642799999999932
0.282,1.4127999999999998
0.94,-4.329600000000338
0.93,-4.161599999999902
-0.071,1.5792
1.02,1.6508
0.542,0.2451999999999998
1.172,1.5968
1.055,1.8676
1.274,1.5011999999999999
0.32,-3.4083999999999484
0.993,1.8516
0.23,-3.5751999999999216
0.697,0.3567999999999999
0.641,0.4435999999999999
1.16,-4.205200000000004
0.549,0.3111999999999999
0.435,0.7819999999999999
0.422,0.5235999999999998
0.22,-3.1175999999999777
1.157,1.5444
0.42,-3.698000000000035
0.967,1.4627999999999999
0.03,-2.462400000000004
1.14,1.5432
1.556,1.8444
0.136,0.9215999999999998
-0.097,-2.288800000000002
0.23,-3.1823999999999693
0.566,1.1332
0.997,1.6831999999999998
1.012,-0.5848000000000004
-0.031,2.1576
0.965,0.8011999999999999
0.029,1.6680000000000001
1.45,1.9392
1.004,1.5688
1.274,1.4172
0.1,-2.6020000000000056
1.096,1.6092
0.079,1.5695999999999999
0.58,-3.7636000000000407
0.572,0.5179999999999998
1.037,1.5724
1.118,1.1047999999999998
0.24,1.2992
0.463,0.7711999999999999
1.7,1.7316
0.25,-2.84680000000001
0.18,-2.962800000000013
1.298,2.4608
1.071,0.7691999999999999
0.573,0.38039999999999985
0.44,0.6928
-0.013,1.3436
1.9,-4.508399999999677
0.19,-3.246000000000036
0.419,0.46479999999999994
1.69,1.6128
1.023,1.5296
0.83,0.7191999999999998
0.155,1.7284
0.872,1.6663999999999999
0.42,-3.6335999999999338
0.003,1.9799999999999998
1.419,2.7624
1.371,1.7279999999999998
0.956,1.0252
0.25,-3.0091999999999786
0.899,-0.4056000000000001
0.384,0.9052
0.651,0.8839999999999999
-0.026,2.0488
0.383,0.9424
0.352,1.0532
1.016,1.0595999999999999
0.427,1.2695999999999998
0.028,1.7308000000000001
0.273,1.6407999999999998
1.02,1.552
0.011,1.9707999999999999
0.8,0.5907999999999998
0.07,-2.4056000000000037
0.92,0.5748000000000001
1.194,1.9555999999999998
1.119,1.5644
0.876,0.39639999999999986
0.582,0.2803999999999998
0.17,-2.6556000000000166
0.513,0.34799999999999986
0.901,0.9611999999999998
0.52,-3.87799999999989
1.22,2.1736
1.521,1.8876
1.089,1.3708
0.94,0.45919999999999994
0.947,1.9824
0.416,0.9251999999999999
0.34,-3.570799999999952
0.879,1.8988
0.196,-3.3328000000000038
0.529,0.5379999999999999
1.061,1.2
1.4,-4.539999999999489
1.298,1.7764
0.31,-2.984400000000002
1.62,2.4052000000000002
1.019,1.3268
0.011,2.1927999999999996
0.497,0.3679999999999999
0.078,1.5584
0.505,0.34479999999999994
1.391,1.4984
0.33,-3.6112000000000117
1.14,0.9783999999999999
-0.03,-2.5936000000000035
0.97,1.9311999999999998
0.273,1.2476
0.138,0.9551999999999998
1.46,1.8756000000000002
0.44,-3.752799999999971
0.35,-3.4268000000000063
1.56,2.13
0.965,1.2211999999999998
0.203,1.772
1.068,2.0848
1.053,1.6572
0.032,1.3688
1.685,0.7235999999999999
0.03,-2.6232000000000073
-0.098,-2.490000000000011
1.118,1.74
0.026,-2.504000000000012
0.947,1.4864
-0.331,-0.7828000000000004
1.38,1.6712
-0.144,3.2108
1.19,1.4976
0.22,-2.9128000000000114
1.011,1.5903999999999998
0.527,0.8367999999999999
0.505,0.9387999999999999
0.006,1.5808
0.17,1.3803999999999998
0.72,-3.953599999999813
0.518,0.21999999999999995
1.373,1.5188
1.112,1.7471999999999999
0.418,0.4775999999999998
1.39,0.8407999999999998
0.626,0.6831999999999999
0.981,1.9892
-0.165,-2.225600000000001
0.33,-2.806000000000015
0.061,1.1916
1.204,1.6052
1.17,1.4868
0.389,0.7544
1.351,2.2636
0.38,-3.8048000000001214
1.088,2.1072
1.534,2.1648
0.996,0.5451999999999998
0.98,1.1443999999999999
0.77,-0.3068000000000002
0.269,1.1711999999999998
0.653,-0.16680000000000028
1.5,-4.396400000000347
0.733,-0.2296000000000003
0.462,0.5392
0.374,0.7928
1.369,2.5316
0.611,0.4084
0.463,0.46479999999999994
0.01,-3.515999999999998
0.0,1.4172
0.516,0.6232
0.65,-3.876799999999912
0.452,0.8255999999999999
0.451,0.9291999999999998
0.07,-2.8932000000000158
-0.04,1.3079999999999998
0.433,0.8771999999999998
0.441,0.7315999999999999
1.574,1.7148
0.526,0.2639999999999997
0.655,0.2463999999999999
1.29,1.6308
-0.34,-1.2496000000000005
1.223,1.3508
0.521,0.97
0.909,0.6543999999999999
0.007,1.538
1.575,1.6811999999999998
0.993,1.1892
1.133,2.2252
0.08,1.4436
0.505,0.3843999999999998
0.518,0.7988
0.85,2.984
0.04,1.9567999999999999
1.236,2.3964
1.005,1.5004
0.503,0.6995999999999999
0.33,-3.4127999999999816
1.426,1.6363999999999999
-0.076,1.8912
0.737,0.08519999999999957
0.808,0.73
0.26,-3.078400000000026
1.179,1.7276
1.065,1.2384
0.185,1.3836
-0.328,0.47599999999999987
1.75,2.1276
0.933,1.1291999999999998
0.161,1.9203999999999999
0.06,-2.6776000000000186
0.42,-3.620000000000089
1.2,1.0776
0.98,0.9767999999999999
1.399,1.6915999999999998
0.78,-3.932800000000072
0.592,0.24359999999999996
0.445,0.8159999999999998
0.45,-3.456799999999943
0.069,1.8632
1.205,1.7244000000000002
1.667,1.9671999999999998
0.46,-3.772399999999979
1.208,1.4796
-0.02,2.198
1.225,-1.0012000000000003
0.617,0.2283999999999999
1.647,2.7576
0.28,-3.4099999999999784
0.48,1.302
1.208,2.0372
0.99,1.3124
0.129,1.2588
0.403,0.8711999999999999
1.142,1.4587999999999999
0.175,1.1216
0.894,0.8823999999999999
1.51,1.3095999999999999
1.16,1.2124
0.612,0.09079999999999978
0.894,0.8832
1.256,1.2388
1.718,2.2412
0.247,0.9796
1.1,-4.162400000000024
0.396,1.0807999999999998
1.373,1.8848
0.435,0.7103999999999999
0.904,-0.5364000000000001
0.661,0.8188
1.558,2.5356
1.0,1.1508
1.534,2.0772
0.682,0.6271999999999999
0.494,0.8555999999999999
1.119,1.4447999999999999
0.494,0.32319999999999993
0.308,1.22
0.523,0.266
0.537,0.32319999999999993
1.205,1.9752
1.388,1.7712
0.644,0.7584
0.161,1.2828
0.17,-3.157999999999998
1.4,1.4832
0.524,1.2451999999999999
0.38,-3.4951999999999903
1.015,1.686
1.035,1.1527999999999998
-0.155,2.3656
0.911,-0.18960000000000007
1.48,1.6951999999999998
0.453,0.7252
1.083,1.6840000000000002
1.446,1.7512
0.647,0.6232
1.06,1.514
1.49,1.424
0.856,0.7639999999999999
1.198,1.298
1.289,1.8323999999999998
1.288,1.2524
0.986,1.3399999999999999
0.721,-0.18640000000000012
1.06,1.1076
0.071,2.5872
0.827,1.6747999999999998
0.47,0.6435999999999998
0.167,1.1223999999999998
1.307,1.0315999999999999
0.66,-3.9600000000000732
0.428,0.8572
0.38,-3.520399999999967
0.417,0.8231999999999999
0.898,1.2012
1.034,1.8860000000000001
1.031,2.0787999999999998
0.33,1.4660000000000002
0.543,0.5811999999999997
0.933,2.1792
0.38,0.5615999999999999
0.28,-3.4968000000000155
0.75,-3.984400000000002
0.62,-3.8787999999999094
0.052,0.7428
0.619,0.10279999999999989
1.17,1.8668
1.04,-4.32280000000019
1.388,1.6311999999999998
0.965,1.5108
-0.093,2.0036
1.354,1.7168
1.703,2.254
1.653,0.9063999999999999
-0.002,1.5843999999999998
0.97,1.5675999999999999
0.062,1.6247999999999998
0.36,-3.5335999999999688
1.648,1.514
0.25,-3.3255999999999952
0.3,-3.546799999999986
0.71,-0.2072000000000003
0.02,-2.9648000000000296
0.15,-3.1803999999999735
0.573,0.3543999999999999
0.555,0.6107999999999999
0.835,-0.16680000000000028
0.498,0.4603999999999999
0.15,-2.7780000000000165
0.01,1.3352
0.485,0.28879999999999983
1.541,1.8952
0.48,-3.7931999999999206
0.022,1.5008
0.481,0.8811999999999998
0.816,0.8896
0.13,-3.4247999999999954
1.504,2.3108
0.151,1.6671999999999998
0.294,1.3452
0.968,2.1548
0.543,0.2047999999999998
0.68,-4.008399999999958
1.001,1.6503999999999999
0.457,0.5456
1.066,1.3372
0.417,0.6527999999999999
1.002,1.718
-0.008,2.3087999999999997
0.584,0.10079999999999993
2.009,2.6476
1.179,1.3784
0.458,1.6656
0.92,1.5095999999999998
0.946,0.4835999999999998
1.031,1.6912
0.474,0.8392
1.606,2.2448
0.38,-3.5136000000000043
0.984,1.7496
1.534,1.7564000000000002
0.673,-0.1628
1.414,1.9252
0.685,0.2636
0.865,-0.7324000000000002
0.488,1.1703999999999999
0.848,0.7979999999999999
0.151,1.5636
0.26,-3.239199999999966
1.261,1.2296
1.043,1.5008
1.592,1.2076
0.16,-2.999200000000011
-0.06,1.866
0.443,0.9503999999999998
0.63,-3.6359999999999237
0.97,1.4959999999999998
1.429,1.7107999999999999
0.579,-0.07320000000000032
1.158,1.3439999999999999
0.977,1.4912
1.089,1.7668
0.116,1.6223999999999998
1.077,2.1604
0.456,0.4891999999999999
0.592,1.0487999999999997
0.14,-3.2408000000000134
1.537,1.85
0.589,0.34119999999999995
1.218,1.564
1.006,1.6232
0.128,1.3179999999999998
0.32,-3.6251999999999596
0.783,-0.3212000000000004
0.39,-3.6043999999999885
0.614,0.2287999999999997
1.53,2.8636
1.514,2.4516
0.376,1.5352
0.383,1.0368
0.488,0.4399999999999999
1.1,-4.271600000000111
1.118,1.6079999999999999
0.975,1.5572
1.32,1.9232
1.177,1.3544
1.01,1.8703999999999998
1.064,1.5739999999999998
0.17,-3.2123999999999877
0.99,-3.7859999999999494
1.323,1.4660000000000002
1.619,1.5392000000000001
1.05,1.2424
1.21,1.5828
1.378,2.0512
1.069,1.7968000000000002
1.101,0.9259999999999998
